S,K,T,r,sigma,Call_Price,Put_Price
174.12783831594544,150.9054491313347,0.5801739023649747,0.02859979391417964,0.3397197148025555,32.49626352724994,6.79058168271218
164.67916919820766,169.50220957870584,1.60725422158233,0.04027161646499932,0.30548314208612193,27.84557445378158,22.04482229879367
136.02934271833598,87.57018481887485,1.9945034208081693,0.03800804648950795,0.2152738103838118,55.43424876744719,0.5820237156426709
193.40707154178997,143.73111494104984,0.0697517506054917,0.007694995234688685,0.10258574311588423,49.75308205149972,1.004257046509493e-28
80.07117732926042,135.7618974715623,1.7957580729239546,0.0074624734870736955,0.2984956887603256,1.9144751194261929,55.79801351471066
66.38963154644321,174.92455651824065,1.2490347618613296,0.013408718387245666,0.21425039542489724,0.00020189015955745506,105.6298944543313
178.0942950433133,185.91305907218907,1.9470314121379941,0.01805373631705186,0.3938433202842141,38.016056336311934,39.41327840408569
115.87247249506224,51.82351572160802,0.935368939877591,0.02042277907042413,0.1095785061081934,65.02953700117186,3.888274663409799e-15
177.04532813105908,151.1029878588189,1.6963019818370337,0.03398486084166726,0.3339311245223163,47.98053641196965,13.573651057039982
183.96353077931224,57.775369867959355,0.13416419651057168,0.00283402160829177,0.4765896950024262,126.21012433125242,4.154498252943487e-11
59.368639042860714,132.3287997616034,0.6772053096558085,0.0017336352113033193,0.1697637068445998,1.0309253388737706e-08,72.80489431052635
182.5197144479091,93.14490935655172,0.14336291012490784,0.01959552814719545,0.2886597963002382,89.6361072660415,7.001168985148192e-10
117.24785830541333,96.01648992832118,1.9509328356233504,0.034858184606899024,0.1365687967268553,28.25307405505984,0.7090909450356717
126.56487335063483,102.94377551785348,1.635778075470955,0.00967176714782413,0.35027276490454107,35.20003983705093,9.963098191853017
143.98887666398153,143.19386735744152,1.7065693682794814,0.03207522406281259,0.32021267223849026,27.6051621422735,19.182587305988122
188.957391009513,100.10749485031539,1.8765508105534494,0.012991406897014973,0.26294620968513294,91.89832947469665,0.6374177094483695
52.867414164464606,159.90485758854206,0.17935593737837285,0.04430430544067582,0.30855080858949646,2.85490008855593e-17,105.77183608086128
121.52652024767256,110.67910783608045,0.7773392091015334,0.04478449721333083,0.45862986338760414,26.515841227333247,11.881681158890856
153.15830636458412,60.25298004649379,0.15135942919756423,0.014864360214066326,0.17851772092442683,93.04073477047191,6.153856325593577e-42
158.40604365473428,167.56397637261608,0.42947827208455697,0.011499687698162026,0.1090258046821389,1.609915288034756,9.942312263102565
153.8798647305662,92.8637486889059,0.466437896304968,0.020565198603311564,0.44466595387964036,62.56636325345406,0.6637208557816923
70.16526941121828,114.91503193988939,0.9435233499846816,0.012026579259007436,0.3308468329551626,0.8334716020119748,44.286622554295214
94.90933825575217,152.81658248328523,0.5444387132327487,0.033619192164585185,0.45626338218473694,1.5903198771576914,56.72591501976234
103.80732881255202,99.8684235723068,0.21094643256734458,0.041303234227414276,0.33877808936526904,8.979746784724064,4.17449058707615
170.66558115192575,58.487848422007346,0.34330726729727434,0.03365460654556085,0.424064435983881,112.84963897332764,3.402396225628908e-05
91.81398086218294,106.08815705192204,0.30307837146866096,0.04121752236246748,0.2718693453420592,1.520887992215119,14.478039474453212
81.60574458008048,191.66728740414553,1.9464228278454736,0.019849608110373708,0.39994397251530756,2.130794852801431,104.92836015002837
193.61720285571442,146.26015959478372,1.5209920887677624,0.007815848535443043,0.46521658675594246,67.39730032457504,18.311833105916634
51.329492767020334,150.72187230008103,1.9358453158864284,0.03689754736987961,0.32884918548888253,0.18680078887693052,89.18892142160504
199.67312835229674,144.84232304564597,0.885083568150738,0.018023725257077693,0.17231406022495183,57.31014819308581,0.18707758075971315
151.52319482860935,79.84882084391552,0.5639532785086866,0.03356354126145663,0.20751904601207927,73.17160187702476,4.2189059619104994e-05
174.27039491736755,112.75007961534202,1.5986034624462815,0.013532197099088284,0.17945783075896232,64.18891126298804,0.25570927919577624
94.19290945192898,162.64096975449775,0.6592452969018822,0.004061481740333633,0.19874281103829317,0.001949208948809171,68.01511871627743
52.147291650058996,65.20593463297388,0.605772913673643,0.04962908977438817,0.22256617974041457,0.6591360887069682,11.786605387522329
160.6804277842295,91.67791641345684,0.47268692449358407,0.007810075396529965,0.3220535147012754,69.38596078444569,0.04562413043191316
175.12168955010137,91.44786626987803,0.26806116666622837,0.049421049698174055,0.33519665178553315,84.87766254149747,0.0003398440625501705
161.07141979302787,114.8028391391759,0.5203614914233643,0.048863996628322366,0.27059989889674446,49.46679940828814,0.3159327518481563
71.42754309512578,197.05531114132776,0.7170862994630365,0.039690905195401985,0.3461683119283342,0.0033735142509837557,120.10165470874479
163.01418833854535,60.12538200257329,1.3512484742100035,0.03297114810409988,0.13262997024454637,105.5087301503663,1.4760379272050658e-11
165.33841731614615,127.80514915708926,0.13450403601670863,0.028890352512554236,0.135115294823264,38.028938634352954,8.506691636718041e-08
148.78107735050824,76.90470230183156,0.42890880993403246,0.04330507726889174,0.1687317841430634,73.29161358476433,7.494086534813726e-10
164.91738991933795,195.6014818114616,1.619957044180436,0.014471976080974398,0.30723099921613795,16.41842423858867,42.57017463004985
176.88821595165982,66.99552570911963,0.30237462793170383,0.023384060624243853,0.18559787147932544,110.36472783447644,5.354283114670616e-22
142.04061713561876,110.54015035423868,0.6918638415798178,0.0309694984683251,0.21331376139703095,34.438501004780136,0.5947205790324981
63.29070709545186,160.68274772519092,1.7306712544976988,0.020559523793474557,0.2601251344691976,0.046191736659985494,91.82137615291578
123.14417145008163,155.6831642041168,0.3183013691754509,0.0213743227045134,0.424746449604152,3.0137162235181094,34.497117196419325
61.64740020074076,113.40929553408984,0.1746463028801979,0.01651423337510422,0.10554485436514405,6.328406057649618e-44,51.43527717014341
111.13145465486463,101.97862519290774,0.9742306102092215,0.028211590834226804,0.35975152809464894,21.520539066756598,9.603035367760029
111.06597336884414,109.64185678293059,0.6118148274442874,0.042528726400755806,0.3675506124162742,14.685687482837977,10.445517401075818
59.90147662103624,89.64143947379588,1.1311826453228697,0.010076418900315643,0.4194623121426546,3.3470791322499522,32.07108570943942
102.3230800954219,80.79994080601998,1.6095717320621155,0.046721651937672075,0.47310117562412535,37.24143285531892,9.864842045111324
66.64971481869722,122.4559546338335,0.2829254914239589,0.03445438268741149,0.10805513957971594,5.209785240431643e-26,54.61833559957317
171.23528150138333,90.2800634101411,1.165591178263027,0.04116366063400151,0.1615134822052865,85.18477286331492,0.0001911202360219558
192.1532038946706,93.11924973458753,1.0159624331758292,0.027809534631500585,0.45446851762239726,102.87123683207062,1.2431622846208894
60.84747128869079,148.51340952118358,0.2967167841662671,0.038975835071203176,0.2834074248748062,1.4028050683486867e-08,85.95830591064328
193.2672810937552,195.28059975498383,1.251756986202675,0.0008100198669733605,0.3258362555733854,27.185701591976425,29.00111622344042
128.38648990051178,140.54558008390626,0.5545444315429355,0.04091902123897676,0.36521088148925895,10.3123782550297,19.31820164564077
94.93485169308109,61.54692005974494,0.9807902939025849,0.002006942954268326,0.371626641798255,35.123354248873596,1.6143934185191409
61.52931129142453,61.33754207811005,0.17372192531135316,0.044495668818143125,0.4726961613266033,5.141598372044985,4.477525508079104
125.09364021056267,192.7134831268349,0.9245722738551099,0.049598137361932165,0.49877976696466786,8.519055810346892,67.50118809051422
169.1773316736123,94.59361854610005,0.6198623014052125,0.014703373108838892,0.3880629843723761,75.8289693792379,0.38704056173845514
156.06297159000474,63.81004791237132,1.646538610258855,0.010515927814289684,0.21488848368206034,93.35163877567777,0.0033620211413898232
57.53390171959607,139.85668807255723,0.12338766672476287,0.03826816819290204,0.45190096091773746,3.131542356515326e-08,81.66396492199796
60.93527530518553,143.5473167435399,0.8430284770874766,0.012651317046012661,0.11968836581630465,8.734957155397787e-15,81.08918432883439
110.43099239489557,147.27572301780322,0.9222785340215617,0.04327811915861018,0.19243234114979849,0.9584877490543153,32.04055631125128
94.29357410719149,90.1103041786312,1.4527620918352462,0.005142129607873836,0.458954286985486,22.53412154687588,17.680209491786172
84.85764845840717,52.26660263217126,1.1528322744295199,0.0062977598189679134,0.202476605775742,33.02776763576992,0.058626839418424725
92.15067483630705,194.75230541817078,1.3377525510164203,0.04895757775503078,0.1882604238486994,0.0065885601223083096,90.26199145530182
170.5224114945327,87.63395685366538,1.5563280784469946,0.033691944913500235,0.1552501172560989,87.36578384366902,0.0005761636684400301
189.3842080447781,151.40394320788212,1.7257839175797955,0.04234436122144764,0.4436447030587666,66.79616829787284,18.146323939479288
110.76540417913496,155.99448048180642,0.6346122384777163,0.0162164688675759,0.3000233036764347,1.1667891988872228,44.798732125960996
185.91665031987455,141.50111256192287,1.080665183674167,0.03382418747603022,0.36995728122166194,56.714729883875535,7.220343565838295
98.2243551871823,96.93610913204724,1.6818150760940078,0.029712091365429863,0.19562655363001188,12.912585786141648,6.899453772015065
121.46554795156874,90.66443806460987,1.9790077506204624,0.03015750600614735,0.4032161684044866,45.269932299973114,9.21609846508192
83.90434967239996,139.65024240540546,1.7801434289770885,0.03412662297688608,0.4040022179848394,6.2857354902362665,53.80039269131666
146.07140632637658,179.91434504175373,0.7492198526225098,0.02876795865645493,0.22503920996332005,2.803202155411924,32.80984378005168
196.84716727622134,192.01005933850934,0.39838136926511436,0.0214531184651333,0.26427305320411315,16.361349744714246,9.890216039817858
140.5239644065068,65.88587066056364,0.9838911494391116,0.013796134719027343,0.18387611097208034,75.52642346442322,4.422409697279876e-05
103.67211261703233,73.22429188965798,1.485866489153724,0.038429066545660105,0.49062440932916174,41.84965431174966,7.337825204715902
147.17261689857924,191.71043881746195,0.9902124507990622,0.011313621500159311,0.35824103082336467,8.286613227777913,50.688709888065716
68.43810176980813,160.4802842502189,0.9715299179942003,0.03461771530772071,0.47381755228620626,0.7571927976619155,87.49183123829417
183.2988620398098,182.44907372446596,1.6780785379527832,0.011666641132466333,0.2213542174516533,22.91325197174136,18.526297086940716
125.46259261697546,80.39489512030147,0.7291935203437009,0.031266508497722695,0.4127563651987559,48.3665683704679,1.4866578218797741
117.4024613059463,138.1378806664103,1.7209914028751747,0.03735391335645145,0.4063434575538968,20.312338532446688,32.446877647583705
137.8797182680279,155.17093916262104,0.8195415538939299,0.01093569444532696,0.3766622607466167,12.781796187379541,28.68854864576403
143.71757941841037,152.0167828170459,0.6631838802998954,0.002997165043065414,0.48625559010672015,19.398982469769052,27.396326533105068
60.76637093397696,111.22275363000472,0.913439923287401,0.006548687149708705,0.25742213444252626,0.04937822908194256,49.84243100843505
152.39258318351034,52.30923375369627,1.5272694477629882,0.030299848363551277,0.15228692943590294,102.44885794580105,4.028426371167189e-09
86.28975204732944,137.43890852063947,0.26074403544934865,0.04247232031128678,0.36868354369762435,0.053035034682168525,49.68853437849009
157.09289487598846,87.96523087694132,0.4008742395853146,0.0022498410617712186,0.39172392019088254,69.3007274602032,0.09376309296744845
173.3802191576295,117.53813692143355,1.903375203069553,0.036707562952082315,0.3300242293835259,68.84770317310817,5.073754505651667
170.59377613287805,193.63715226257258,0.3592283384889012,0.01706593229750261,0.18272715725335853,1.357913403747446,23.217815483659052
132.87514511118337,109.85529764636522,1.1397773626827985,0.023926418495976126,0.30178237666774216,31.655048770301306,5.67984119206422
128.02548384661267,175.97024099966401,1.1628357886572565,0.046442977492278284,0.22487589462765178,2.472412452536201,41.16585836492743
71.43139420091175,78.28109086238767,0.9843526794799872,0.016598575236792274,0.27098661126667567,5.453183143642391,11.03424885549763
166.30192256047036,150.86907470375434,1.293043044667869,0.023266846696974305,0.3580874303378656,36.38313269371801,16.478980469919243
90.71140706700716,196.55104316584152,0.4673551843372607,0.0006841207380340553,0.3980858970763338,0.02396180383157709,105.80076519905265
124.50431342269198,65.28396513094052,1.109797912875729,0.004079936000241919,0.19288987636053725,59.51865839559383,0.0033787614653403852
92.64111393912751,51.247991334078804,0.7506247779413253,0.012929579556739202,0.26213014425878134,41.90742598627886,0.019333947589435352
70.07425444995397,115.03741889489216,1.3267178466620861,0.0013926120410537202,0.20766462839665167,0.1520722289778662,44.90288939225499
144.4336545337605,63.89382245770508,0.29103485131256746,0.03156876630241255,0.17945264554474766,81.12417520610882,8.465261971278879e-18
58.14980522343558,162.2576524514347,1.1460460595105577,0.021319917840081127,0.4133548879983354,0.16940109925078284,100.36075041117671
162.29678511893002,187.18229957728383,0.3786880072128142,0.0274072601364011,0.46370107777479697,10.302061125123807,33.25489460137469
97.6380192891675,115.10314590631383,0.5644996955989224,0.008732359294816477,0.2480928742738307,2.137339042937061,19.036470740142093
50.0202039506728,88.80674632331613,0.4452325026439306,0.014796601471830807,0.40051156974950675,0.10687775652490661,38.3102906036663
126.66937088558447,115.16049785099146,0.37384718193894606,0.03319122374263626,0.45879811574576446,20.840960841642556,7.911954097407694
57.02778627914047,158.51717267750016,1.6531647936057272,0.048265136181519994,0.4384496842120926,0.9787691163461685,90.31147583296448
91.42543367313492,51.35812423705565,0.5785580596451718,0.00252083868011046,0.17312535541569035,40.14216879396691,1.0617634147716689e-05
156.04647311835743,138.4180984227046,1.854976325910254,0.04451921604276331,0.48251675260534455,52.45505188906812,23.855084261295296
59.40344324327988,141.99375273310687,1.9401537854369297,0.028844060065560423,0.250670576171785,0.10156288543912262,74.96388367684577
175.90077385340035,145.65323703439032,1.1468083351748237,0.02819597833778119,0.23569626446953454,39.035343263094546,4.153384936686798
50.572988398787466,86.30331199713157,0.29457223410479555,0.02501392676038802,0.12497253091111214,2.1699295817124547e-15,35.096742666908035
87.02358038028534,157.107908506719,0.7553510043253667,0.0034697042952091697,0.2944694616419532,0.10932115659405173,69.78243296802992
161.13560842281072,63.70872294976646,1.597487204062946,0.004493842586808033,0.1436054462563715,97.88260392616729,4.274459561321513e-07
97.44052245939602,79.89055047002012,0.7411075501071702,0.030045600282954305,0.1994159283709704,20.00927387195418,0.7000367861582166
65.28385820990204,181.6205069981723,0.1831642644225496,0.017047928571777917,0.22677704870691257,3.827956333150137e-26,115.77041032628577
104.03508782006418,160.80847260898497,1.118001972747094,0.045863403328884035,0.4235305293966737,6.028596285883079,54.76429491786442
90.55899295767884,52.06183310170179,1.6917904944771092,0.020329526867973614,0.45019546015835865,43.43677385270086,3.179477686283173
176.40678532408322,87.25643905547003,1.5938935104155698,0.007164072935132055,0.22098652698458787,90.1970409210088,0.05600051815963081
97.00218763777147,82.16097244897469,0.358495048859403,0.0357359416751018,0.4434792484978296,19.388109954518924,3.5010312193998985
168.33987076640108,90.62094920554588,1.3488015826808089,0.014667671072050492,0.44289237494791645,82.65471629313481,3.1605880431292785
183.7808217216102,87.13396554198296,0.4488034842369378,0.02627351536779466,0.40586038015394943,97.69515073677893,0.02687568664764345
115.07261293647943,59.37894436142686,0.44423299375882275,0.034891639275258506,0.15867804560607263,56.60694704368065,9.892883749022276e-11
186.4914715781588,118.84107748952304,1.7494028288773185,0.04501320556010352,0.37612913876029164,81.78921798862208,5.139517778648003
106.59770809447892,159.91002121792476,0.506841215953058,0.03960955974008381,0.4780096258322275,2.801260842989743,52.93526935420779
194.61176247351622,141.00975870761545,0.5338622195708422,0.03381805339363621,0.3730161915068628,58.38193641915704,2.256960568236874
63.39342867883594,150.93075028971197,0.011300247614986113,0.03398165911975718,0.2326467396431336,9.3267804578931e-271,87.47937515378518
153.0528899754864,62.17237678043587,1.7426313779097802,0.04729623220160433,0.3002317269723325,95.87684908885416,0.07758070077446655
124.0721060685393,192.72360652651807,1.587263678286178,0.014791204874826804,0.35829001734042143,6.530120578772408,70.70964532913345
108.14732081834705,175.77377507645372,1.2583845808304492,5.5604709809370384e-05,0.30422816349140147,1.6228897662049366,69.23704519277689
144.90678181229015,170.7635477743494,1.5030288702382961,0.013597727969909934,0.14798117669238794,3.433315386494094,25.835476391528516
155.57856374514967,173.44757075626512,0.3125766491747387,0.0108945689813372,0.22482561786080826,2.3139141812992925,19.593269505689065
50.654490447546365,189.9065762199142,0.9220639532292751,0.03309172925569991,0.420958412221453,0.0072707532838335726,133.55230739324583
75.0429633120798,131.63809491705467,0.708926580824074,0.03168557998827645,0.444567218438207,1.215333866955481,54.88647524802245
156.9569075951478,80.04230268014388,0.19661528725146282,0.029673069135236194,0.1549200130862281,77.38022645691056,1.783247844813335e-23
149.95781203673096,142.51754117788118,0.977399665577699,0.0008121721604726851,0.4809547009594899,31.406169876370782,23.85281109080544
194.9071257693016,161.43222405019085,1.8422719041818445,0.036438902722532376,0.23152904713944375,50.23961365415602,6.283448895524707
164.15566853761743,160.68760900310383,0.089717646910882,0.016176520624274576,0.36492549549228803,9.077854202150235,5.376754777433732
192.6159061597007,128.21735362503202,0.5900072178526499,0.033252799450331556,0.4007300583826725,68.6862099768882,1.7966271134706684
155.38107523022103,60.268807900036705,0.4230064630493499,0.027828921425107667,0.4247784938551534,95.81931240956075,0.0017314606776508146
94.70783129591646,105.66694076451918,0.4839118407947357,0.01713654627139536,0.4782998808903721,8.735459735923733,18.82194106205445
65.80473833762846,188.1149912695036,1.8177847582399569,0.006728813355205388,0.22516781921152906,0.0026679933172629802,120.0260007298601
167.27357950174036,137.6673364636139,0.9414574179262374,0.0047209448830240475,0.44340258182062187,43.70286788141695,13.486110666269049
146.6223832213874,130.749791488357,0.9379358317502394,0.04157591665561118,0.15267476137448283,22.423723736294107,1.5506057924269037
57.227901858994436,90.32802715732902,1.5235455284860118,0.045919877104077904,0.3820163625414371,3.739127825057336,30.735802972953643
104.00756988514675,105.26733798748683,0.31743948596980237,0.03248940233821498,0.39679109180559435,9.175291775722897,9.354972963971932
193.51997232264293,184.30191337297538,0.979658054659101,0.005171705743024169,0.37108929648052824,32.82456601093638,22.6751023046768
125.06017185653019,149.96945712902536,0.8656705761009088,0.02010136084441204,0.2009258944540612,2.64380650903302,24.966024035013405
114.9093704029557,168.10805401284995,1.1978522741878457,0.036446960005257864,0.4492172588060813,9.632312729670666,55.64962551964834
118.6549407738941,118.15181346014828,1.9991198294683727,0.03899104420050341,0.167543385348158,16.06452679740086,6.701518614439642
81.33240860077456,144.5370829184237,1.5412032992232736,0.00591093111455443,0.12145391660833234,0.0003370259355438554,61.89426572211447
105.30607562971929,87.25754131148113,0.8017527490046801,1.5359422691207936e-06,0.38698599624476493,24.14483562972606,6.0961938586094
105.47198839807649,155.81912454252296,1.6568305740253535,0.03560685229403025,0.2901902860930935,4.732538866747735,46.153098683908084
57.85325302812086,114.1402000555006,0.34970964299183555,0.017829808799310284,0.43963920798347045,0.031633686008284034,55.60910152899457
165.13514427768774,116.38182722221184,0.07062273575483065,0.012724066580913013,0.2533588564233036,48.857851925562585,1.584024431902018e-07
112.47566478558184,147.39834868653224,0.4168522612039034,0.000644873489476272,0.16731143540308513,0.027777709126008854,34.91084375747778
173.32698302246348,190.442093220339,0.6874189966673767,0.027014970338074984,0.4345768769879479,19.506254936823908,33.117376763978754
177.55220016798432,59.60095199129314,1.0260557073445242,0.04255753677129909,0.3195638526560287,120.49963380327321,0.001830485575551214
81.79910820479871,173.71148560205114,1.2341069896769876,0.0478815823136294,0.17567831695614197,0.0010501988558605999,81.94603471265305
148.6030223255193,93.85746656182897,1.8221053772566993,0.028287247530664462,0.3881535994345783,64.61268908306884,5.152056185482007
120.84227062444725,116.58791817595667,1.0246094790054108,0.02572306638699471,0.30444545539580026,18.284194034173673,10.997179152798068
182.02351068822276,53.28699931625134,1.0075385328052013,0.004252819274462055,0.3417251928961279,128.96568538435915,0.0013341342669464119
82.36110187646813,95.15691167514696,0.10998358954773443,0.027443640077129988,0.2843593352826328,0.24446394634572854,12.753489901039956
151.67198004650663,125.39468639451957,0.07947398978588538,0.018998953948269733,0.43148359352720256,26.87764470573211,0.4111576434606672
141.1628183379084,58.42641160211585,1.1068083242135804,0.03035676404417885,0.4318250862732199,84.99045885953996,0.3235886997377928
94.29522163577491,123.66435940747478,0.8819754403642056,0.019436317393827337,0.3837555287297545,5.418699584552019,32.68600569877857
70.49013554767589,189.0665943287641,1.6799689860107943,0.012014956172518338,0.14216055095858493,2.930436543043319e-07,114.79845375109105
147.7459640715915,65.80898271617079,0.3297523735765719,0.0047482637614188255,0.43554154476162754,82.0438492396369,0.003908013357933227
160.7896187198496,164.66610921132565,0.059693607612928704,0.01574592222944479,0.3684051922131639,4.165238788410072,7.887027231158115
97.3441015645025,111.4506580063989,0.9035871481809505,0.004832241714387614,0.37880966640171987,9.032601076580193,22.653585629824896
146.72489060334706,148.27605717865072,0.4825823279369924,0.008844847541199198,0.24519313616154867,9.53635408207947,10.455972808611008
109.2696361417255,89.03548969778441,0.10873260294428652,0.049366807928977297,0.4517118224628027,21.234285149560407,0.5234960502164308
156.98103249239267,73.92383938120375,1.4519505908267816,0.022205177845330933,0.390148640093943,86.36149545918964,0.958948295305289
79.88229123410797,74.06939214068396,0.2320700699149225,0.026593588325250828,0.1450361866116778,6.588263130166553,0.319646854186205
183.53225039542616,60.5737918464717,1.2205558050154657,0.04368092643686077,0.26311121376246505,126.10358441697207,0.00021406371142837066
93.11143946983697,77.84700573518646,0.5692890028321095,0.04977844502453439,0.4545521447840567,22.220319351148305,4.780796893625418
105.16789816342293,149.63290774834525,0.35525714020649385,0.029135722467234077,0.1188786806789516,1.1560567046846223e-06,42.924197361242776
58.71379281205247,182.2535917765262,0.7657055306094418,0.04062369105220859,0.4845666478568198,0.06242425135020557,118.02034658153903
66.72683184819147,172.1188528386743,1.6048770946836777,0.016347051216833764,0.37166502732782514,0.4642023537824911,101.39940184995598
127.37928540684922,152.77014648117262,0.7902662180400997,0.015287197872364556,0.35255039105735064,8.001785547820916,31.55814080134853
90.13890150919573,66.56477951166539,1.5040316019300008,0.020135186049728013,0.20822370259519657,26.430920046480317,0.8711712559771296
175.32203386132915,93.37811694439247,0.25971773063030984,0.03362536313368246,0.19951671549567085,82.75584713552264,3.2956455028230315e-10
52.204008298243075,96.47103129837035,1.5478151251335075,0.03410958446275494,0.47682328779543826,3.678823612242134,42.9847405327653
106.86410730079044,87.49354195964318,0.48149731656423084,0.01576197173247254,0.2193089816936491,20.612388590842727,0.5803177638638406
100.6018320153639,127.25084895645847,1.3580123284788568,0.006660496206831435,0.4102021186875998,10.953124225425643,36.45634236882324
52.899144637640156,130.3330722319509,1.1359052941335828,0.03161981282327543,0.25724871928283166,0.004800213083764805,72.84061001206601
68.65525985007653,103.53289627566653,1.8589979872512579,0.006416293109438226,0.1557016283138816,0.20684464549490267,33.85688936022514
112.0464012377953,103.0683738104654,0.7807718107708749,0.028924625411466506,0.10428611907814359,11.885476149235075,0.6058872992296571
123.929687667117,174.2833396859122,0.1416687257805365,0.03467110640281545,0.31770293480610035,0.012868602829731679,49.51257264808979
110.64346208823036,168.39392724795283,0.04811941624699328,0.03503057481972258,0.49031152741957307,0.00017007455006350352,57.467020978674654
129.64065176181407,96.16937475211185,1.6554485363357787,0.03767360553297984,0.2476544775236818,41.48342893293024,2.19758618156445
139.26975123585223,187.0682665809889,1.0542239189462501,0.04364297107828323,0.24287693359721796,3.26924166158123,42.65584399229846
51.488573169175346,192.9222525503759,1.552735663151549,0.024997949598239422,0.23763664713977684,4.515489986072873e-05,134.08887526572445
119.61427391802559,99.01138130450613,0.4765069440229142,0.03651245947647856,0.30821753492194337,24.326576558825934,2.0159394444349736
194.52488613313824,103.16374231895823,0.6967166535713352,0.030958636768291838,0.27626595336971743,93.5835797740865,0.021082442911083965
127.85484201943231,125.84512301329383,0.06990670570052468,0.009331996989884128,0.45196585069080586,7.145103519148478,5.053313808026822
151.63134011884296,191.16812188005102,1.9233697259024831,0.0012844822434704085,0.30220831668939613,12.942779760616801,52.00785704814892
96.77957868753248,181.44791497134673,1.3390571343346187,0.01422706928384669,0.30310313527542754,0.7587679730401753,82.00308449657382
166.0987067229144,65.38519438753846,1.8670781246410193,0.02215168531688097,0.15534863788822265,103.36262395598155,9.749499547401225e-06
165.93822228141727,108.90961149071244,0.5383378507838539,0.030855297221432817,0.49309581636415445,61.44553357850609,2.6228134287213845
128.19440714812083,133.00567846246577,1.226812586339065,0.042497966525160275,0.1999891563475319,12.219060151736812,10.2734806685393
196.40207349188205,125.469870882731,1.3602149369023493,0.009812285835308283,0.12934562698384108,72.60297219408257,0.0072719780058281835
68.83253221439801,79.0794601905339,0.641923903512601,0.006277489494923855,0.3652584995900835,4.506879674373916,14.43578467207422
52.54214973343715,178.8225156752232,1.6977373776811038,0.04817399737371638,0.3381465480627491,0.05990045912568609,112.29704786558187
165.5237317635644,151.5411174495256,1.894851311171493,0.005402227968820356,0.26605826159709833,31.49889229955285,15.97295219034821
171.07333060473238,175.68625622777054,1.7708616842150486,0.02392455350535946,0.26887689355227123,25.46062216646706,22.78570730596344
68.03108436808644,178.81464190242082,1.4807432821193514,0.029278186439665094,0.4140255684185725,0.6984980423323006,103.89545983759179
89.83742494379092,162.25337804986097,0.5621547126526585,0.027068721045371915,0.17828505603985964,2.783800777360801e-05,69.96569233174633
52.632854504994334,115.8815901874576,0.5704159237902071,0.004301607851647161,0.42810132757795594,0.06135076654474125,63.02609569765374
93.9962916170847,141.5820132523137,1.9270870376876155,0.0028513457001809687,0.35949884555800726,6.659501624110266,53.469393103637685
165.97128108780072,74.05481091796148,0.030466146912027134,0.005274171373051784,0.2675879095118098,91.9283686134027,9.591376068434733e-68
127.69407915688684,151.04681262123614,1.4349394467518675,0.029279384193630627,0.28321144663354747,11.021560034732389,28.15965652463089
102.21433897524321,76.88798836089211,1.4154298634849718,0.027217244381716056,0.20265888287443834,29.102569973386807,0.8705080813312742
105.76089423594954,154.09243857652353,1.249152186490097,0.011687039601837214,0.4008457330787899,6.635861020395634,52.734167695423565
50.203043857320225,84.43972411309531,1.980316603712863,0.03188870709227958,0.30514989692210714,1.966319146942367,31.035532356346778
94.97007913478538,67.632695022533,0.6306400771698132,0.04100337510278247,0.22834181709993745,29.18055653166799,0.11671889414168679
146.96881124568958,74.79267352144362,0.6865440089485638,0.0020789479923296883,0.3384200463043801,72.35878814196244,0.07597578179196629
196.12916657245356,50.29882028286054,0.16708941186364554,0.02490649717740212,0.4982937808205292,146.03923550253165,2.9719154710821004e-11
177.05912404758493,157.81094267802953,0.8911682917220375,0.03446552060513452,0.27410491186262154,31.608945618422908,7.58734953402751
53.53924469682937,159.86015735875685,0.5294865672073477,0.012615596353484354,0.4682765603114478,0.005948852965139598,105.26258794379268
184.7840907012259,127.24000248698891,0.6933395373335121,0.015388545264657456,0.23800673596982647,59.19702249334598,0.3025654268695632
167.47976199479388,74.20442015830756,1.670797862608699,0.03068189514946919,0.12189308276999436,96.98344455177114,5.823194444652059e-08
167.05641853564705,62.53315062660346,1.8716141819197165,0.04489676467218685,0.18169684254737156,109.5632226058348,4.5737087900013344e-05
118.69936385053572,52.86934496559305,0.3796088132903194,0.04049622101514497,0.26747805733107366,66.63655016712954,6.871656181807013e-07
109.70079394317543,74.86222654478311,0.7512927737913971,0.029156510954979176,0.18785397143782762,36.491510686269876,0.030910757712250492
95.4373593249789,183.628330247472,1.8579748186096343,0.03651108588786246,0.10009081528730222,3.164769200750175e-05,76.14738434110237
59.854228843154864,86.23052625525227,0.13299883677155305,0.018241123510389933,0.4660006150990109,0.07154076315916913,26.2388923203766
84.23530452405487,103.14069908258236,0.19379745094164325,0.03204827640493789,0.43755176449237165,1.4339593723517776,19.700745228347145
86.9905452467037,65.80182267219998,0.33395406852039644,0.02330907955637785,0.3969168925947789,22.567762220772053,0.8688160099409759
122.61156045653024,83.35419571222553,1.1944735399124808,0.009496806822878047,0.16712583825841146,40.29357653362639,0.09601084785421632
162.1166609895041,127.88368561703076,0.309439819301935,0.03508691369386286,0.14814543048399442,35.61828515498162,0.00435005202729144
121.071474259692,141.1629024643479,1.9364719990869597,0.027823231867441102,0.12704189978895328,4.015392318942453,16.70238000802685
58.67666741707409,86.80284712493166,0.8989619092444555,0.017931079097679572,0.38961167550916853,2.0886455304881917,28.826835949434646
193.66847014823057,58.65982388376758,1.0080207410968312,0.04556695950393154,0.47152318427515416,137.70824293354127,0.06615108711194867
191.40864786411683,108.65493036910979,0.5008506454527589,0.0010467058913366633,0.2722143283652148,82.82362395481421,0.012959766503608416
167.77843147226127,85.13050563895013,0.9472109023451196,0.0157886575624748,0.14765626879841928,83.9115981224834,2.287677530444509e-06
198.6991852346331,82.93308848447029,1.327208128947653,0.0028440698888823283,0.3049571282928426,116.16822985180394,0.08967791763258792
131.67234992003944,193.9794204070183,1.504842502538545,0.03832636581108136,0.23953276298345205,2.974340113649827,54.41013413894149
194.4152525379809,142.4450728888586,1.5101974845927268,0.035105372705689634,0.2499299697399991,62.180362636931605,2.855002493528559
61.34075609251262,133.53176647581438,1.1600033142612358,0.016567610936815854,0.3485322496622829,0.26623662664168934,69.91547171306178
104.8521122392057,112.36626552849829,1.8096759522377759,0.03378314511035365,0.387487245304881,21.224914126226835,22.075161717505118
83.80719020101488,114.34165001452163,1.6366416161391577,0.019796861309797492,0.14424143954926436,0.5098819515788175,27.399004361880017
79.37496262014051,131.1357505757121,1.5165257482502645,0.037812689571121716,0.11423609232259056,0.002975674890585256,44.455471595748804
71.12044233390141,154.46447105541608,0.12065498814411664,0.022709183136835304,0.497732121074286,1.4479368499166207e-05,82.92139351249367
143.36204623489948,155.3219144272744,0.023687144817102136,0.02061398639158328,0.19309133956622074,0.005019541514657999,11.889064656083292
167.19827836209578,75.75408615581743,0.4327700816189912,0.04673649577441505,0.12153220996338364,92.96101479681154,1.3506976616586314e-24
136.7447599130541,125.01691281149405,1.33041195188777,0.012543954994535013,0.175950131638368,18.795885937499733,4.998990933959114
72.04440643823145,111.7937142551153,0.8282830028762662,0.006022366999828272,0.11558313853938569,3.75733375440918e-05,39.193081813942854
171.66856549002063,180.57904494040764,0.8107884560056303,0.02922715566297291,0.25672435784686864,13.778747753583588,18.460342199872855
145.39320607455926,144.71283818275646,1.7703279075769314,0.04846609061420895,0.4209607137805297,37.359450458769345,24.780354154954956
108.22485591904933,129.87560996239728,1.792170067782359,0.018891960686359333,0.23649777990308826,7.610416878922329,24.937501208908245
151.11954433040944,67.30919632683761,1.8192587754666356,0.0031018381814390764,0.27767336275134663,84.38419393812848,0.19508670417958784
88.98574688642492,140.8456833985117,0.6346173722649043,0.016965263365478375,0.37023470942697556,0.911411311039485,51.2630736437975
101.77883127413158,67.58058585203501,1.3852010673511308,0.025296582715977924,0.30355762802795205,37.99995451041631,1.474637087914064
187.62287646979854,100.58098633486281,0.5505500307359956,0.008096150331610685,0.4445782744085297,87.97925355820058,0.4900378713932607
93.57567585071305,71.42629472214978,0.38931356781815507,0.0329051109028246,0.4464142700183026,24.87669073586767,1.8181455774130555
120.49824022369049,153.81104705365533,0.3774185901212648,0.049887469450510036,0.10396427819646147,0.00045230224056039617,30.444327766167262
183.5211706094022,80.93781707542288,0.6907941655185521,0.022586973799072194,0.41121852259327973,103.93455918120722,0.09813815345209564
156.15820254012914,108.77890597820391,0.8656156633618453,0.017736427836510634,0.28429344009666957,50.21628355013401,1.1796669995257698
59.33048392470541,184.3512166428168,1.6635888503995861,0.020035208341723332,0.4955362165214653,1.097185356365583,120.07469840381364
72.09545664184554,80.64745750984554,0.24858327601069707,0.005757308919760057,0.29329283035017406,1.4422104722742013,9.8788736147404
51.176238615787526,126.17075959381687,1.4725024363158394,0.04416368007131119,0.494758378155319,1.6782929895711325,68.72888797375404
144.6382685343745,112.8907491749033,1.0675952792367176,0.0207412827760676,0.40182774448229464,42.27299974545629,8.05318060992401
117.15101381156275,52.71860615685946,0.5830112319252251,0.01936372057124207,0.19944195384532254,65.02421534170446,1.1021786354435877e-07
70.14122763534132,168.91371703592193,0.990710973220321,0.03298451364652372,0.31535799171478307,0.03574522319168677,93.37766561399938
193.69011815851556,60.35688594718996,0.606884718856275,0.02210167104655618,0.49685425579143316,134.15062831536633,0.01322444910709382
129.448958591843,121.13825314654304,1.196203090924229,0.0324116734403923,0.4430122431007695,30.542659387433474,17.625190849900427
86.28399411693337,134.1017442408425,0.8733494064819359,0.0030723145065393756,0.13894675751648844,0.0013282745263514945,47.459738361979774
125.09053567320613,144.26396849218804,0.33716700286696866,0.04068616718611137,0.3825487987239985,5.144431412368839,22.35235860251771
151.94304991026615,153.29474439618133,0.2420003183658365,0.04702519764397013,0.23823183434832523,7.284025904679439,6.901097728772569
61.43588269603467,87.99085752840726,1.097924407323539,0.0324382693079693,0.10279290475213926,0.0029209702538469245,23.479269546661087
91.2055722571838,51.49681649876741,1.8058019362393458,0.04772829644294054,0.26139238761079986,44.23160438379015,0.27033818941619203
171.04482363259905,158.5165493532368,0.6944757962497943,0.007571615718498165,0.19390176868998854,18.57310866652989,5.2134938407516245
118.94973056039919,130.3484899021368,1.4686702133730203,0.023870809474017686,0.42754770820818866,21.712569465097673,28.62070313184104
131.98657130484423,175.4176554810873,1.3207360963301362,0.030090336697272364,0.23493224353830622,3.9750004375556394,40.57145093324219
114.92240033142039,173.20825443510415,1.8637942794758673,0.029086832371059336,0.43100947758152686,13.205356981055743,62.35125288766986
56.58499139645077,176.4989251681825,1.6437522244252902,0.020073088954452162,0.10023917553391813,5.9580489970757305e-18,114.18534675188147
74.86246697302339,122.76419899693103,1.1375444652218714,0.01690422046831307,0.22312766001044768,0.19202596824410634,45.7556403136613
116.83124581128364,100.04425937552985,1.3174906914858735,0.00634120112752094,0.19646608572310478,20.932188650851074,3.3128668087343804
81.37781981118917,168.7337303887055,1.7977890685022293,0.019587122528113912,0.1934269444274444,0.033995320595806566,81.55159518757324
57.49685429895181,117.69411695438824,0.8050423813280002,0.008133040755274257,0.1272746479061851,3.664860599290112e-10,59.42918441076647
176.54744960777356,77.51632946051518,0.6603214646569769,0.03671828382461092,0.1748497081642007,100.88796964147183,3.217898541935329e-09
197.17887937461737,178.24610293422114,0.03151405643404071,0.010441546774729499,0.322219827954248,19.15616531872456,0.1647456677816379
168.9714310995109,182.3839815158521,1.6548366376410137,0.002928265264226693,0.2165444291350978,13.778178305362125,26.309070202575413
178.06773825570005,119.94646342102551,1.603951593802696,0.027618306890861716,0.26695791293165916,65.49889225877473,2.180147509799106
86.2965695475568,61.35495909646812,0.21786449101930125,0.029761486635970082,0.25074675213887543,25.341747851772162,0.0036005726693895818
194.09404632697996,108.17391348753969,1.1579461884540734,0.043595653064025276,0.4503619699999578,94.23266541816471,2.987303199406213
79.53885566801426,170.5306489193905,0.9333235793521059,0.028849080620884093,0.46211959960420623,1.044240706802083,87.50567123701383
192.71447155427484,185.2661042819343,0.2462311000631318,0.017274042686172286,0.29718278866234404,15.68420798197215,7.449502145600846
199.22289409489267,80.52091137463938,1.96133077185084,0.04015059407631603,0.23206238012624178,124.8131043970528,0.013455139306910668
156.75842086190733,60.04604180379073,0.4372448160520773,0.027013944659371056,0.14272028160094546,97.41745306491529,3.27768046728298e-25
197.17155976877328,181.6025679699258,0.1437960183802167,0.0039640142315595876,0.481361151752838,22.993298264718945,7.32082078028094
135.43096693506556,108.41074084683129,1.1937462852088,0.028292528015662333,0.12409077796011898,30.80326929704296,0.18270923517081128
88.93126747641355,131.26414464013448,1.480344687494735,0.04540092727108312,0.21906011102731218,1.5255175623984645,35.32619196600939
115.54938284984313,195.20987180761384,0.07456245763390205,0.019815631274911028,0.21922648046800167,1.2210602977227908e-18,79.37227891698278
139.0341403068179,59.984709187133426,1.320848101066774,0.014816290094990005,0.22816051445608598,80.21514955581644,0.003225693020213423
60.962234304052245,147.24770111781433,1.0692608331433944,0.007173472850901003,0.16571473730896372,4.974204459851587e-07,85.16035178371195
143.3514896925869,61.11581338623006,0.21549736766134636,0.0075722760967678665,0.4132645723694789,82.33533974877308,1.564298702312817e-05
197.17667551434417,106.32033926997505,0.3533225151232605,0.021638574217090947,0.1489991447863957,91.66609786591079,1.448714925280278e-12
78.51614746755914,170.572181779017,1.1402688516590003,0.02978399120807648,0.35396266366126516,0.397576030128723,86.7579441314053
168.8892674432575,115.02083491334515,0.5997516508914439,0.0040307702584800875,0.14953841068232698,54.14792846366653,0.0017733647288068338
186.1848190669429,199.57735308544255,1.877248300016119,0.04697842945125829,0.12821425503718265,14.710905723547697,11.2564641046377
191.55523892303313,133.85889274199033,1.639293056673261,0.0377566808722598,0.4637718014743506,78.40845228800752,12.678199325084893
194.02034066081708,98.17432289539303,1.9672987409621894,0.029331195914183136,0.17605150652748228,101.36355875430827,0.01291072003221072
128.21894580822078,83.01669888571297,0.5267449695113239,0.04142193354694954,0.4285000618238818,47.98557695360097,0.9916232077489804
196.59618619872555,102.57808014292428,1.9397500292679744,0.004009337840605665,0.31785234844285437,96.6697513820691,1.8569780996442145
163.59653107016584,105.87999106393262,0.8681554008852002,0.02384194388665622,0.13114260784350784,59.885936167941836,0.000363175843458189
74.25071543554428,60.30705165859415,0.7015624026743718,0.03150465634308317,0.48217927657522697,19.945461174486837,4.683484511419849
121.5350159701955,105.43612991401596,0.11019555866901294,0.041432645305914464,0.19878446679675701,16.613312242863515,0.03413440089702502
157.7496763058006,119.63577796088374,0.11500286314060922,0.03917347800246339,0.4438581381410426,38.89932021301783,0.24766747346316276
87.1010473728625,158.4106628358207,1.387102399333843,0.013853462485669982,0.1675240023138257,0.011003473542277514,68.3056335560947
146.0922775323331,148.50942270824117,0.9212786989237155,0.04704400847796022,0.44157715285674115,26.182030779840986,22.300169568338347
149.99007185699287,156.31484828437314,0.46077803581185034,0.006217292071543518,0.1052915251621176,2.0361433848668185,7.913751171741993
74.40496157128489,51.25455228152857,1.2318009095872129,0.04375668093105761,0.3047121826277923,26.834091460033093,0.994217930061037
134.76279686791344,82.6501099370804,0.5131876553177213,0.04854701248023093,0.4077770317686228,54.62417893475671,0.47780819873218716
165.74403664679116,149.25264325997847,1.159487191145401,0.008857676161131279,0.4739182069971134,41.35534903073619,23.338921690891205
124.83434968039128,122.59840522696207,0.7248254064955538,0.036103303210189265,0.4636808544825949,21.92985476488557,16.527296353892517
51.81546751641611,50.79702135025189,1.64886893095752,0.0020142759388999234,0.42784994781905794,11.690126299316933,10.503249011795585
51.355770361893825,170.67419636477337,1.6431853599258908,0.02027114125695775,0.45527653986452166,0.4403096163013731,114.1673468427405
103.55440159550183,165.9214359935506,0.9599272922635786,0.0258141649598837,0.1796878743348306,0.04057868602890691,58.34664869278011
188.9291102647673,132.2628744490344,0.708130027576681,0.029032261295481705,0.2136737182846915,59.54027959380731,0.18266246330202174
84.30151694054132,59.969498866440816,0.7314939951525982,0.046796862412427975,0.2155874099684234,26.450009611328056,0.099876945279475
145.15455333075306,164.9772574298877,1.6133719060797536,0.033612534364709734,0.25082157240067954,14.022071333932928,25.1363977983587
83.31138060399809,137.55703815970458,0.6630771707672479,0.02406389756096185,0.2573282681540755,0.07717982693935599,52.14536517886954
98.25049844893229,167.29399657369387,0.4260281536766236,0.04048375181329447,0.3178221298618702,0.05552999398591607,66.23841183077599
177.2063134402226,162.76204885937608,0.17852980033186058,0.04752664104772045,0.16395190534657655,16.298511638437446,0.47906621261274296
159.32921634049202,170.45031079367556,0.9387193105599727,0.0011033074341145423,0.3764986655143957,18.768250512089793,29.712901647818
64.3098915969816,127.70120996069372,0.9694428768504854,0.04912606361280194,0.1670266157218026,0.0001740542816656412,57.45228316929381
114.30530314796505,71.04867772902725,1.6834083337017853,0.004306606953184017,0.22412339284181904,44.291596130201114,0.5217461978427433
54.37546454678967,150.67362100695328,0.45026500592766733,0.04071933896343807,0.30133805224246163,1.2613652536604404e-06,93.56080389006615
122.13352199045134,143.0710677577956,0.7681726346001159,0.014016737627570625,0.4185762246093909,10.993801391533502,30.399125460640988
149.3651017551602,161.3379780798631,1.618727420398445,0.006608982887693588,0.3957876932954909,25.844324041512586,36.100383544625345
67.77539353972273,75.4821509076103,1.6490109853904573,0.021992781985691746,0.3582137425642089,10.427126045418277,15.445466310765184
93.33274083637485,79.24627998504339,0.7753760411977487,0.03219782897238068,0.16230930423206807,16.569669969588332,0.5292838183062436
109.67549382532354,183.56142758289928,0.923656806340495,0.01904759225117375,0.31881813824623106,0.939369725594263,71.62406977234704
187.92965369840746,162.4966697678106,0.613538922790073,0.002728270414134948,0.13497860071995418,26.394263520495883,0.689503925705429
198.9882523134446,186.23427330504845,1.865784208054431,0.02997305698293583,0.25094527071866035,38.54884415063243,15.665900130463761
56.73669484934238,163.8072981745881,0.24610109382574483,0.04512016380553374,0.2654066121159837,1.2324928043096583e-15,105.26172872471237
164.1511885243088,139.57329589854527,1.8681613517729254,0.019160768297362588,0.11592457577830154,30.675790422295506,1.1901758579645847
105.75860996035149,148.11991055418105,1.370894239152333,0.010816638881541352,0.20959523978798875,1.345231195836952,41.52634481138364
108.868727934422,183.3691885910015,1.067828583846595,0.02212886729664077,0.48225978690659577,5.698005552557852,75.91627515698602
163.1397460020534,136.8210131767911,0.07499153096114679,0.002418135552439044,0.48145304313187587,27.172904146612964,0.8293624911065276
187.7639648218113,144.85869864925812,0.9564364217257965,0.041024379224013745,0.24093082170101573,50.32827062169879,1.8492181934944156
192.63928917538226,73.47150740054009,0.8214187289554372,0.04131704054750934,0.11724004357932963,121.61946259171444,3.843291508386008e-21
136.56838790574812,121.0881830174154,0.3308254358304939,0.029400023171481424,0.17163797573127262,17.206272063864503,0.5540391236037188
103.56817389507542,157.45956679371483,1.3162551109663072,0.017655144446919475,0.2568871173734161,1.534242993001083,51.808673807182544
168.13236287881688,90.64140474745481,1.9425903056628888,0.03998916822228917,0.47911187918769194,90.15129722112775,5.885626841399938
87.65020748934504,80.33812707868023,1.128755734018405,0.02773435123941836,0.15647962541487398,11.706193427570454,1.9180621843803571
134.61110432502767,97.07402123366234,1.4323590201234522,0.041296615427500814,0.40540633746728494,49.522822922292605,6.410185170624139
103.78676922873098,86.22509419892502,0.14621640060637342,0.03157293962915103,0.14347301574987684,17.959164476915248,0.00035028534834777303
148.49466105618143,82.23689555545937,0.8411573216758196,0.03922027366063987,0.4925030309565107,70.76889848220696,1.842367128188016
86.05983693402604,113.72762643021304,0.24155338547734678,0.029928149660887998,0.252646599643654,0.06200946900644966,26.91059865929435
78.73894186022386,186.17577708253012,1.2294637127176558,0.020707053410783313,0.41009381555962243,0.6935853007938992,103.4504764395616
187.73586300131555,126.05894701080774,1.8775794948461677,0.04789729299630688,0.23703643312445274,73.89548458758988,1.3767770098735124
65.27055244243053,78.18805712229846,1.3269376876185606,0.027055691243942238,0.3510675508635235,6.895547252582734,17.05579613936348
125.89368616023975,61.54575040713111,0.16283806614569885,0.03025447592702692,0.1768064338960147,64.65040016843932,1.685429184174132e-24
83.12791744445134,154.42342177068878,0.7157857479203148,0.011024381970737462,0.15840840771878503,7.713960651049118e-06,70.08173737675106
55.839494498850115,107.41981466545818,1.1058201250872945,0.03128253947136383,0.4752256558272525,1.9236241696323209,49.85152360516799
55.402822743713955,173.27464198780388,0.8123834347051719,0.028580382474147195,0.46705891116177345,0.04934889368805323,113.9443833728767
76.2832658158741,148.92661529611553,1.668951580845593,0.009241919897351248,0.45498757608515294,4.049978153441829,74.4138611348096
180.01555317590004,169.43621758120528,1.6311952993728784,0.0029793548676571857,0.35017338006663745,36.86848360702723,25.467700998484773
92.371811596554,90.7919059127673,1.2275437300054106,0.030217965985738556,0.42330728448651134,19.225893658177036,14.339861987584435
192.56887558629435,153.85383836915872,0.7531813108140835,0.03818461346751603,0.12761477476454997,43.1483698766412,0.07152916907716977
137.24334394837905,89.60929770405781,0.5181193837888558,0.026170068546100413,0.23391561675627168,48.866898697734996,0.026020629554862784
115.49212846531492,190.86027191754374,0.22068989324412736,0.011338631265982287,0.2254812499028625,3.6507388681615127e-06,74.89115042309473
137.0133252004182,145.45614223000615,0.7162463901382425,0.03332609883465175,0.35425812878104534,14.23771564253088,19.249648469054932
127.50475778394016,98.67677002630131,0.8322133092433619,0.004005286330480112,0.24238310938825622,30.614611957686208,1.458257169786874
163.81643806359875,90.4267793438409,1.3548876209571066,0.022091685240097733,0.15940271265747233,76.05839395238827,0.0022093738216391184
92.37440989592784,78.63898776074653,1.3197380503521712,0.00816833791992101,0.33858683016541746,21.64892730341817,7.070324598332299
102.95755874004536,154.19614383405917,0.14951519788610135,0.009222952552994169,0.42575356826763266,0.049044675767106694,51.075144209741495
184.1141453799876,82.80734194968909,0.7965660377080039,0.010114697457910183,0.2528493977839893,101.9724911373685,0.0011874681798734847
191.9684769725608,139.29548988912336,0.3717399457625502,0.019335352852198895,0.1529074860393927,53.6714428908563,0.0008280391815678328
183.88373412297116,89.6952540388036,0.32205728358044333,0.0025575102810198817,0.17867527892512924,94.26232849154606,1.2026917797820541e-12
112.91719909359703,149.29534171908028,1.6563312779771193,0.01988967204645491,0.1949933220677536,2.7517128478969646,34.2916194847987
167.05482545103226,172.24095928108088,0.09341128126535247,0.025585372355735044,0.2199590371978145,2.5493378818801133,7.324313814867338
121.45035999516482,166.70378647169798,0.8441739230452214,0.02416471424831626,0.3571180282025237,4.577244120640742,46.46449353625182
124.63097782191532,164.12769963961728,0.3447252749753712,0.01913920502015203,0.3403781938150876,1.175003242171412,39.59241306249383
80.7020163585926,78.1583608538378,1.7598671292001633,0.04195733040353763,0.37843194462681573,19.574070436952113,11.467174607736656
138.6695454887775,63.25774204767781,1.11851062141732,0.007266334621025206,0.24500079381260528,75.93123940515666,0.0073940301292811095
77.92038466300218,154.84232427310783,0.47044746638992757,0.0252848371890687,0.4295990607519914,0.12016937863762256,75.21114193179731
99.73470486007906,105.25208206915269,1.009830301461089,0.003102070847827715,0.18163506446230412,5.131364947560243,10.319549032142788
178.25453024299028,114.8519339605021,1.4656578558092004,0.0035577839438954875,0.2876162990072616,66.34875098576174,2.3488187401863403
81.06137138162828,54.67236391900866,1.9166548377496733,0.028693292483854816,0.42037548861657215,33.96382218110997,4.649282852571536
60.67374277601492,88.93646739125738,0.4486875484483837,0.02830092124439105,0.1720634590930477,0.0015119023680355212,27.14203722985257
60.351138891922446,55.05146058116961,1.773501726537397,0.04390167564222285,0.14394524549631318,10.516032919456656,1.0926814865381864
191.1176780754662,181.87786589018714,1.8692651871933057,0.02789368378300366,0.4534735870751959,54.09059138781713,35.61053119466839
126.03806569427519,86.50950248277957,1.8336768836188118,0.047989551020242514,0.23717186510367838,47.8691504411496,1.0533140798690432
111.41181077255274,133.6005754359512,1.2744745701552005,0.0024347424199964887,0.3735480499636128,11.307123660747763,33.081965963641224
171.63178715118778,55.846898099169564,1.2633431023250683,0.004900384239037054,0.1101394417055754,116.12956173752585,4.884776502440163e-20
175.3738891865774,150.0271086958487,0.8123891600358073,0.0022032930785190695,0.3760187553637798,36.98677363364267,11.371695097384354
99.8286549673407,98.45410186311409,1.507271785784538,0.009263842516677001,0.22644052461878822,12.30872821409396,9.569001069512339
154.04270862106927,184.68787804364987,1.0672750965183546,0.027063505547083908,0.1222963414349767,1.1589641105633355,26.545876769811656
165.66842237778297,183.21772834010537,1.358101761744306,0.0322786090713714,0.34392510461924686,22.506026275776932,32.19700388152101
148.19760302989317,98.79359275426216,0.8626312286591029,0.00227925789743344,0.1963215264292693,49.69526785349372,0.09720449445208978
72.73926122001491,185.1441343535702,1.4656779634458468,0.047298544492279965,0.254722896820752,0.02563184647759542,100.03027772646384
181.38246252755854,199.42365102481682,1.6506983200330527,0.04210826883251906,0.13223232491460546,10.248438739785101,14.898852593068028
130.86418291040133,173.8123496185922,0.3014081506396041,0.014830624107854656,0.15886530043797814,0.002403739102608507,42.17535084057249
92.37086395550055,176.73070216328435,1.6675301339927138,0.003859376511323398,0.2191908941983375,0.14309670182049072,83.36921411108625
113.78422781565408,87.35131041636349,1.0851900982627114,0.008494353660952863,0.13590380022406287,27.37683741433912,0.14241644231199713
55.635663559836104,136.50535982866344,1.6908851590895464,0.006347220687748634,0.46433050587452607,1.5935101466103792,81.00600701534587
69.18002018336263,60.088387095105176,0.8682903956186191,0.006164188964947343,0.10241881727359137,9.579214881442084,0.1668295018351751
164.83201257737915,64.23769052325045,0.7642905659122398,0.0259280844332867,0.2935440875457246,101.85531157208197,0.0005475994264980723
50.00174521330492,199.83389180499358,1.8309708577092727,0.012292372124670015,0.1492989832530206,2.142906152523776e-11,145.38472688094552
112.48487427234383,98.99588741388663,0.5098268424213186,0.017906985826457222,0.22307163579117942,16.194554150672573,1.8059010788130259
128.37652716283827,162.22758680732696,1.6899825273194247,0.049475266669216124,0.4704238239273062,23.89310471310199,44.73152548392307
58.19516300014584,170.99975795402247,0.9732009392937142,0.03421571244626724,0.16467782130959474,1.5101460603899718e-10,107.20427380523148
195.96172444584994,178.70349065108437,1.033049930677007,0.04744903335235007,0.48633292788733307,50.05412794914014,24.247564910693974
83.91879968745079,199.64424461032348,0.6238518801640732,0.00712782775165578,0.1823177507957687,3.134933843607708e-09,114.83965599999438
95.62980794544214,86.22447278853018,1.1503539792318411,0.019106973741628466,0.3966264433867318,21.441850781459422,10.161996626437972
95.59137683825409,56.05262402895495,0.6571702805896605,0.027736590164117714,0.31867090595892467,40.659894716060734,0.10868893779848365
84.56249931760249,111.6787276991879,0.0881461343408881,0.003837903094436901,0.45379149103870364,0.09384159008292103,27.172295858652035
50.221073312946714,69.51210047434205,0.5512772246352685,0.00020937218139789328,0.3215973022012524,0.560693967742699,19.843698358489334
159.40171911319945,53.363883374308266,0.02269429637911545,0.033521716689845875,0.31382368766252344,106.07841696974064,1.0117774001962565e-119
195.0268249698928,104.06402407122292,1.9569260262431447,0.03209097584007177,0.17818320014735997,97.32559269628341,0.028580633944920553
83.64402249275676,167.56073766128546,1.9318369475412975,0.02053944049998059,0.16649174482066348,0.01831255296258194,77.41658764537509
149.45707877051336,134.92710368376063,0.796359041969887,0.024482203801601633,0.4665956604462057,32.77418888300632,15.639069025041081
161.28444904380729,96.9166983815531,1.4594580001358954,0.02077215002960448,0.23113527954001364,67.6082682248439,0.3464728232275016
177.2638068635787,148.15130082390795,0.6981541358367457,0.001200252242244443,0.2488329019851584,32.81739378264726,3.580794720686999
113.39437955204137,84.8027270463216,1.3454753826010923,0.01676858031087312,0.4039294633713554,37.226947216815866,6.743422198364897
95.43963584606439,52.15721691081276,1.6128057856614983,0.008854112769864492,0.23552939296912295,44.16869168917482,0.14676221691765323
98.79427010345466,164.6530079654641,1.894044926937559,0.004921209455068437,0.48082497865560114,10.531923773149263,74.8630627259796
156.89319996477693,143.56146272960137,0.8064224289408473,0.04783602169446749,0.3951711075995201,31.46455729449069,12.700244515730269
172.5169199758454,164.345393675144,1.568762986082535,0.02996798625210828,0.338971697029368,36.227316891591556,20.508279607831085
77.2420951634904,55.84070250314984,0.5391976167579164,0.03643281421183014,0.45235806421790103,24.152964951152185,1.6653147771632177
105.64115122366478,175.5679441745978,1.9807612845493603,0.015768187163305875,0.1198423633397931,0.015690008904618413,64.5437155446225
185.29102951237252,142.9289300054455,0.061281501541058776,0.019657356474700762,0.20282507687568352,42.53417280397147,1.5158482766268266e-07
171.00402795421087,134.50930260689603,1.2110223249372307,0.011846199694836175,0.286014533688364,43.98430990132512,5.573688041137036
197.72876041437138,143.69210721717974,1.322416903486141,0.0048482835482712375,0.19079141578860842,56.070053422140575,1.115072213738049
163.13723895231212,179.66498703025462,1.3792106585775163,0.00895158187207919,0.3975620749208608,24.77296336433473,39.09618315296677
108.97928015418833,138.04047598383607,0.24957128179028715,0.03987570226482429,0.46768321242149014,2.5077116690793666,30.201965201607962
138.59567509919566,137.14255698322688,1.8776742691115296,0.03387729025918879,0.2695080479723694,24.919585031407422,15.014427139355618
149.15213813709806,198.60187355986488,0.37055472530966477,0.027346443799273847,0.236853040044758,0.2614812895303853,47.70887597623113
61.768372447568595,163.5095250602852,1.2492792724472837,0.023754493643338405,0.4846202928550265,0.8597454474886499,97.81988154327853
131.67454386557978,116.34407081767029,0.45312539745493907,0.04612171418280622,0.27794097313101634,20.616080860768804,2.8793738015481445
156.39812427089143,156.10955000493914,0.6213606698723291,0.0036367473889334203,0.2956193601797133,14.799550169756756,14.158608468243571
75.09819560015906,108.38457075376827,1.0974524980389675,0.0140300406618958,0.24065994893676215,0.8336116885698805,32.4639388014314
167.09475761383356,84.33131937252485,0.8402149029435072,0.017496892678535703,0.4638193892048553,85.02809058453583,1.0339534783041282
137.56591707711675,139.52778153316393,0.32884894594324754,0.039121290610639396,0.3275821933127403,10.212152817584013,10.390490169305679
192.8332678546392,189.22731471709272,0.3501634408174881,0.04962573100809857,0.40486983487265793,21.69767934426558,14.83190623644353
56.363344731033756,189.3709280023194,0.8421081284439713,0.012033525737857653,0.42472268734035457,0.011183273346242736,131.109460936608
89.79892063332005,101.28579171582355,1.5169931267682464,0.04371536670685403,0.23673961676690328,8.386078608566173,13.373964805625654
140.23308189497362,129.15161993325427,1.7969496472270992,0.041531138021589566,0.273477732528152,30.7823382362334,10.413248183640704
94.4839868308896,81.74538478547919,0.17741404789617185,0.011232869882088332,0.4393887097625059,14.872851298241365,1.9715036357280873
157.16362461068633,199.34466642483252,0.7922767760432081,0.01996662900996113,0.2453021406703241,3.0841425746278865,42.13654326291922
163.85079237828967,197.16768618019037,0.2094886718085245,0.02048364346462596,0.4175740533807405,3.15280969471047,35.62545163741211
65.37739460997116,147.4263394561171,0.04301903645886979,0.04891103342632792,0.4763969290297748,1.2872749053030275e-16,81.73907038860243
127.07816963101516,170.662108951621,1.3268201784614737,0.009044595068944917,0.3492841492272028,8.275578477300321,49.823718204561985
126.33358333865839,157.26502419255502,1.2088743895135097,0.0399578985552391,0.39665091498075555,13.848155078740675,37.363606767117645
105.39211553233116,138.97373285592022,0.33440803649162354,0.016709635708655496,0.422038924816454,1.970127117060926,34.777347564654704
189.9387293854508,58.00219954833466,0.47528753785519756,0.036543517288808024,0.4380158595586571,132.93548968907618,0.00023666197190313695
174.1259479809832,118.21465138289916,0.05717842975259158,0.021000550214783142,0.2580213351427184,56.05316101738988,2.0424045226911963e-10
154.5814072864455,151.2179453251116,1.6715449393318633,0.028917988155827003,0.12050538367039927,15.448725072611538,4.94958347497839
157.14899536024961,151.6297420825527,1.9496342861366174,0.04163058866630656,0.26075050849469583,31.200700724969508,13.860707240920355
119.25742157196787,105.96839276335754,0.2795644782214347,0.04020827824919421,0.36950249191363593,17.78956720280047,3.316038055940396
188.1491781644864,191.25379799870458,0.47063567539294326,0.04332115917698501,0.2801401543123171,14.755173200010574,13.99990060811642
154.1893140879928,75.10355483551714,1.7381349526543988,0.0029808662672329515,0.3995852603441594,81.61008267429874,2.136207112505642
159.34715924837246,125.05391693233409,1.8536629579328079,0.03460252765198724,0.24279297178746556,46.343235171216776,4.280687212692261
179.2536355681018,153.6325964826234,0.8450584917855526,0.006999368836088144,0.35389765644161186,37.230864546463266,10.703789877781759
91.11073840132866,154.57037088377137,0.1107387198154575,0.02079092840092055,0.17456792194158982,4.871949460419535e-20,63.104165084591955
171.06063558000545,147.29584351532233,0.0883897490487106,0.027429420752734426,0.39974777465798284,25.017339698817636,0.8958644241840794
79.28609044347381,91.29323201777902,1.1521602334773309,0.020136974237341537,0.3182783875252103,7.13467034205393,17.048097798763045
101.80129283673318,73.43098530299329,0.7918612666974263,0.025980583790150377,0.18162575541864023,29.94353228344923,0.0779615451706468
100.3415681404764,145.39104902400663,0.06701833087953249,0.04982631543993096,0.21676446939912292,2.8638072751332896e-11,44.56478968037969
196.7788202583711,139.89531742091566,1.170672260701988,0.006760865685642737,0.39944348343273295,66.33930894432568,8.352938757146774
178.48058356218903,76.90340154338614,0.03249204781215472,0.03377280226682128,0.2930404942646083,101.66152548917765,4.6864051315469915e-58
155.17547923853897,155.7708718355845,1.5768701967170533,0.019800048319280762,0.1864125761572289,16.456484955232185,12.263523097378283
159.05851424230852,118.27579876004846,0.6198013171797094,0.0066504899453664395,0.48690847614811905,47.691432006609304,6.422189177657607
134.31091916038565,150.16408874047295,0.09011342598837188,0.007936838168715477,0.38605000792675515,1.4862989876101231,17.232107254846497
192.06360006627787,175.60506196552262,1.1808209197564752,0.04746365531228085,0.4828539330159185,51.45138239515883,25.421590341647445
124.43881293235422,75.45926428653847,0.8013919847217789,0.04398007483558811,0.27084201814413733,51.702278347206914,0.10946989659131989
107.07765648048418,52.8717301995255,1.9478628225807275,0.045352098020751096,0.29004013627668823,58.94600917022888,0.269771598791962
74.45530053973866,166.86538795936804,1.0929553383823674,0.04957663879136933,0.4591820864740077,1.2769426110376019,84.88601524880994
167.9308478391587,141.4546137728924,0.5577259702636465,0.010415769500425899,0.31001973609815386,31.816122627351902,4.520540337979618
160.16658981133872,154.94593544331826,1.4217833406216098,0.01777196686820309,0.38291156476226684,32.871163829387015,23.784403027928725
107.65325577862023,175.7232462482964,0.5502690850599955,0.033460951496243334,0.200869150998212,0.004272396390504196,64.86835879085207
53.779012093884404,170.42164022367507,1.8094441499010545,0.024190126993032364,0.27869058748105624,0.015215642926734663,109.35926907741353
175.84959915770162,194.1380220393237,0.7556967213096791,0.02091947666891668,0.14937994632414206,3.754881721998842,18.99835125117322
51.71269751811104,130.39026182781774,1.1042384399246483,0.017890562466779652,0.18239201435078467,3.5478915808507996e-06,76.1269274531133
155.55496694435766,123.2743448989858,0.11064047661021542,0.02968903159717261,0.10037736610705245,32.68489033890812,5.072091212969811e-13
195.53856645890855,110.28307998360951,0.8579812635249393,0.028779671432004102,0.1157060206594641,87.94529688295108,3.272247289009262e-08
115.64919922223052,73.05365642663068,1.66640344392538,0.008072891703212005,0.4909135292707717,50.99452959206081,7.4227991708202765
85.24601074939292,135.89108493230336,1.6132411226730505,0.023586991875921955,0.19694147805470494,0.4662971091932411,46.037654420534395
155.73065150650726,91.55187864889682,0.45639393211851725,0.027673588810492495,0.36532428380160076,65.4685913037119,0.14078436540703887
172.56922130233778,188.19612683194632,0.4598973513110197,0.028514346936569526,0.4356398795198446,15.095394585241252,28.270469108188365
131.9645474116771,137.47862064156465,1.636437571304341,0.010505359645617591,0.3202641836946257,20.1266681241219,23.297495682665023
195.05529128842193,138.92602707621654,1.8614928561369577,0.03711356961261434,0.16125780003358248,65.83400070984895,0.4308428920834828
57.75030824869417,103.2386991315515,0.19976823333327706,0.0012599547410534818,0.3912465749344666,0.0015835273383099369,45.463992609743784
125.71933974567922,57.79840279665612,0.9056166924581883,0.017741592777158133,0.34010056403983324,68.90532677439813,0.06315868165261806
157.7680920983825,54.7615648059483,0.6815340151388156,0.03901063242678168,0.3925002357389501,104.44640979231332,0.003117107781640413
179.39607067237685,113.50027162297962,1.7426700263603043,0.02819464605277012,0.4078986491428349,78.15721105898622,6.819480281867399
76.88834178616851,62.684806714585676,0.17621458021323735,0.013058121625543012,0.4901641470738981,15.52391502541385,1.1763060668253562
170.00052226455222,141.02704333102088,0.43014062569049444,0.03474765596715239,0.32942531201068403,34.18627623373686,3.1206278610174465
132.9060613577818,182.14595084594862,1.5074119917971238,0.028369547207803672,0.23665644507624073,4.119851510029413,45.734549230600564
109.48305229849448,182.43722247780832,0.11207475947261901,0.03981218047281936,0.3593858227600949,4.738037921206591e-05,72.14200688417888
69.75725428686403,148.85681151983488,0.9901454076214357,0.03675125930949117,0.12737628369705045,1.3128166450910396e-08,73.78016414663249
179.79436383633686,81.68477472093966,0.8897929990126429,0.030505396101811733,0.4589589273286345,100.88108405930086,0.584106228895898
73.5909812269573,179.4495247038308,0.6754583461876098,0.024408883765540703,0.14775240453527871,5.380094827943623e-13,102.9241822444187
96.46817888136488,182.91401529698123,0.7951989074846584,0.006659106283376171,0.23113713515432732,0.007852548622689748,85.48766177665061
93.50682979436553,79.49803774294381,1.0645817679911636,0.013066650894269189,0.4262981522504484,23.677510451376044,8.570515484838165
180.71210512862814,160.6139128656016,0.33112104319288244,0.020954973645854264,0.33892495133228473,26.424624542727656,5.215848747744587
